training_iteration,total_steps,reward_mean,reward_raw_mean,lr
1.0,4096.0,-3.7174104290473933,-3.7174104290473933,0.0001
2.0,8192.0,-3.394622707182337,-3.394622707182337,0.0001
3.0,12288.0,-3.883941643670601,-3.883941643670601,0.0001
4.0,16384.0,-5.261488603135087,-5.261488603135087,0.0001
5.0,20480.0,-5.3009293240457325,-5.3009293240457325,0.0001
6.0,24576.0,-5.225566881537846,-5.225566881537846,0.0001
7.0,28672.0,-5.569898167391649,-5.569898167391649,0.0001
8.0,32768.0,-5.5764673014262165,-5.5764673014262165,0.0001
9.0,36864.0,-6.115632669503121,-6.115632669503121,0.0001
10.0,40960.0,-6.489703794558426,-6.489703794558426,0.0001
11.0,45056.0,-6.738846154119588,-6.738846154119588,0.0001
12.0,49152.0,-6.951231990298481,-6.951231990298481,0.0001
13.0,53248.0,-7.008889359346126,-7.008889359346126,0.0001
14.0,57344.0,-7.614091095353848,-7.614091095353848,0.0001
15.0,61440.0,-8.036769705097822,-8.036769705097822,0.0001
16.0,65536.0,-7.9566095395937975,-7.9566095395937975,0.0001
17.0,69632.0,-8.146225266050008,-8.146225266050008,0.0001
18.0,73728.0,-8.412766218761032,-8.412766218761032,0.0001
19.0,77824.0,-8.618827929757176,-8.618827929757176,0.0001
20.0,81920.0,-8.755498605655317,-8.755498605655317,0.0001
21.0,86016.0,-8.842709509468323,-8.842709509468323,0.0001
22.0,90112.0,-8.680601933948036,-8.680601933948036,0.0001
23.0,94208.0,-8.757194831744567,-8.757194831744567,0.0001
24.0,98304.0,-8.625769251098273,-8.625769251098273,0.0001
25.0,102400.0,-8.851939787553853,-8.851939787553853,0.0001
26.0,106496.0,-8.898506214056136,-8.898506214056136,0.0001
27.0,110592.0,-9.151030532137181,-9.151030532137181,0.0001
28.0,114688.0,-8.928378152742635,-8.928378152742635,0.0001
29.0,118784.0,-8.67940768312004,-8.67940768312004,0.0001
30.0,122880.0,-8.738450499801806,-8.738450499801806,0.0001
31.0,126976.0,-8.616328026171319,-8.616328026171319,0.0001
32.0,131072.0,-8.333504923390338,-8.333504923390338,0.0001
33.0,135168.0,-7.931505561251072,-7.931505561251072,0.0001
34.0,139264.0,-8.128214083958342,-8.128214083958342,0.0001
35.0,143360.0,-7.971555098500194,-7.971555098500194,0.0001
36.0,147456.0,-8.095180306242955,-8.095180306242955,0.0001
37.0,151552.0,-8.012852123463626,-8.012852123463626,0.0001
38.0,155648.0,-7.566948965537241,-7.566948965537241,0.0001
39.0,159744.0,-7.229404463293944,-7.229404463293944,0.0001
40.0,163840.0,-7.298583377080213,-7.298583377080213,0.0001
41.0,167936.0,-7.502354353169034,-7.502354353169034,0.0001
42.0,172032.0,-7.46794088321105,-7.46794088321105,0.0001
43.0,176128.0,-7.33722590263185,-7.33722590263185,0.0001
44.0,180224.0,-7.766989942059801,-7.766989942059801,0.0001
45.0,184320.0,-7.911874284584185,-7.911874284584185,0.0001
46.0,188416.0,-7.956078328533001,-7.956078328533001,0.0001
47.0,192512.0,-8.147648424314799,-8.147648424314799,0.0001
48.0,196608.0,-8.076864884500006,-8.076864884500006,0.0001
49.0,200704.0,-8.07351936752612,-8.07351936752612,0.0001
50.0,204800.0,-8.278277180612706,-8.278277180612706,0.0001
51.0,208896.0,-8.392946986113667,-8.392946986113667,0.0001
52.0,212992.0,-8.301858753435285,-8.301858753435285,0.0001
53.0,217088.0,-8.40664035014178,-8.40664035014178,0.0001
54.0,221184.0,-8.487061126480508,-8.487061126480508,0.0001
55.0,225280.0,-8.551956394212613,-8.551956394212613,0.0001
56.0,229376.0,-8.405949882434431,-8.405949882434431,0.0001
57.0,233472.0,-8.468411328153596,-8.468411328153596,0.0001
58.0,237568.0,-8.115938111064686,-8.115938111064686,0.0001
59.0,241664.0,-8.07750549723782,-8.07750549723782,0.0001
60.0,245760.0,-7.97059068654581,-7.97059068654581,0.0001
61.0,249856.0,-7.981144973073244,-7.981144973073244,0.0001
62.0,253952.0,-8.154858993471505,-8.154858993471505,0.0001
63.0,258048.0,-8.364165007461674,-8.364165007461674,0.0001
64.0,262144.0,-8.566666663160863,-8.566666663160863,0.0001
65.0,266240.0,-8.314159666713795,-8.314159666713795,0.0001
66.0,270336.0,-8.402144890599864,-8.402144890599864,0.0001
67.0,274432.0,-8.545833089291735,-8.545833089291735,0.0001
68.0,278528.0,-8.776720407192926,-8.776720407192926,0.0001
69.0,282624.0,-8.936232192477796,-8.936232192477796,0.0001
70.0,286720.0,-8.988183943486325,-8.988183943486325,0.0001
71.0,290816.0,-8.864498070946553,-8.864498070946553,0.0001
72.0,294912.0,-9.02320581259852,-9.02320581259852,0.0001
73.0,299008.0,-8.710147032227649,-8.710147032227649,0.0001
74.0,303104.0,-8.787202793147943,-8.787202793147943,0.0001
75.0,307200.0,-8.984375557057366,-8.984375557057366,0.0001
76.0,311296.0,-8.686196359115474,-8.686196359115474,0.0001
77.0,315392.0,-8.596367038426926,-8.596367038426926,0.0001
78.0,319488.0,-9.053437523423476,-9.053437523423476,0.0001
79.0,323584.0,-9.097305540913588,-9.097305540913588,0.0001
80.0,327680.0,-8.712507799572478,-8.712507799572478,0.0001
81.0,331776.0,-8.423804044391495,-8.423804044391495,0.0001
82.0,335872.0,-8.495787716521976,-8.495787716521976,0.0001
83.0,339968.0,-8.584428745604606,-8.584428745604606,0.0001
84.0,344064.0,-8.490324671682176,-8.490324671682176,0.0001
85.0,348160.0,-8.320133347099294,-8.320133347099294,0.0001
86.0,352256.0,-8.217040303847474,-8.217040303847474,0.0001
87.0,356352.0,-8.084235661944973,-8.084235661944973,0.0001
88.0,360448.0,-8.012714181092573,-8.012714181092573,0.0001
89.0,364544.0,-8.202402526043969,-8.202402526043969,0.0001
90.0,368640.0,-7.593702656800266,-7.593702656800266,0.0001
91.0,372736.0,-7.671408731478179,-7.671408731478179,0.0001
92.0,376832.0,-7.389239286827548,-7.389239286827548,0.0001
93.0,380928.0,-7.601461323286159,-7.601461323286159,0.0001
94.0,385024.0,-7.7497072133070475,-7.7497072133070475,0.0001
95.0,389120.0,-7.384539077740982,-7.384539077740982,0.0001
96.0,393216.0,-7.260282553317692,-7.260282553317692,0.0001
97.0,397312.0,-7.351521615239226,-7.351521615239226,0.0001
98.0,401408.0,-7.2082759512923875,-7.2082759512923875,0.0001
99.0,405504.0,-7.252589889452947,-7.252589889452947,0.0001
100.0,409600.0,-7.242885567336023,-7.242885567336023,0.0001
101.0,413696.0,-6.990962846199523,-6.990962846199523,0.0001
102.0,417792.0,-7.13896576550817,-7.13896576550817,0.0001
103.0,421888.0,-6.957702557543496,-6.957702557543496,0.0001
104.0,425984.0,-6.764465293971234,-6.764465293971234,0.0001
105.0,430080.0,-6.4724569518883,-6.4724569518883,0.0001
106.0,434176.0,-6.188199286900219,-6.188199286900219,0.0001
107.0,438272.0,-6.335180238446495,-6.335180238446495,0.0001
108.0,442368.0,-6.419252701240575,-6.419252701240575,0.0001
109.0,446464.0,-6.370585901137973,-6.370585901137973,0.0001
110.0,450560.0,-6.6673517648578295,-6.6673517648578295,0.0001
111.0,454656.0,-6.566250908290665,-6.566250908290665,0.0001
112.0,458752.0,-6.389982180331431,-6.389982180331431,0.0001
113.0,462848.0,-6.453523590993143,-6.453523590993143,0.0001
114.0,466944.0,-6.706698223220263,-6.706698223220263,0.0001
115.0,471040.0,-6.383276457299391,-6.383276457299391,0.0001
116.0,475136.0,-6.637392919711641,-6.637392919711641,0.0001
117.0,479232.0,-6.737415257887113,-6.737415257887113,0.0001
118.0,483328.0,-7.09360907634772,-7.09360907634772,0.0001
119.0,487424.0,-6.9579618352139665,-6.9579618352139665,0.0001
120.0,491520.0,-6.997724180388905,-6.997724180388905,0.0001
121.0,495616.0,-6.963744482199909,-6.963744482199909,0.0001
122.0,499712.0,-6.745557681024536,-6.745557681024536,0.0001
123.0,503808.0,-6.723631243193859,-6.723631243193859,0.0001
124.0,507904.0,-6.797268181048009,-6.797268181048009,0.0001
125.0,512000.0,-6.512222800948569,-6.512222800948569,0.0001
126.0,516096.0,-6.27544041441968,-6.27544041441968,0.0001
127.0,520192.0,-6.708017149507595,-6.708017149507595,0.0001
128.0,524288.0,-6.381625857140787,-6.381625857140787,0.0001
129.0,528384.0,-6.046968111168448,-6.046968111168448,0.0001
130.0,532480.0,-6.058172385540944,-6.058172385540944,0.0001
131.0,536576.0,-6.415446621638982,-6.415446621638982,0.0001
132.0,540672.0,-6.528822529935195,-6.528822529935195,0.0001
133.0,544768.0,-6.709320426907226,-6.709320426907226,0.0001
134.0,548864.0,-6.899419812664391,-6.899419812664391,0.0001
135.0,552960.0,-6.953955284576391,-6.953955284576391,0.0001
136.0,557056.0,-6.9884165079832545,-6.9884165079832545,0.0001
137.0,561152.0,-7.090979617114182,-7.090979617114182,0.0001
138.0,565248.0,-7.301393195613008,-7.301393195613008,0.0001
139.0,569344.0,-7.241610300328309,-7.241610300328309,0.0001
140.0,573440.0,-7.377407561807551,-7.377407561807551,0.0001
141.0,577536.0,-8.055270613883113,-8.055270613883113,0.0001
142.0,581632.0,-7.871433917087584,-7.871433917087584,0.0001
143.0,585728.0,-7.649331664532949,-7.649331664532949,0.0001
144.0,589824.0,-7.549078755206094,-7.549078755206094,0.0001
145.0,593920.0,-7.545722742609806,-7.545722742609806,0.0001
146.0,598016.0,-7.263629219820702,-7.263629219820702,0.0001
147.0,602112.0,-7.166345665882298,-7.166345665882298,0.0001
148.0,606208.0,-7.26566546305517,-7.26566546305517,0.0001
149.0,610304.0,-7.398373246068895,-7.398373246068895,0.0001
150.0,614400.0,-6.938723278223944,-6.938723278223944,0.0001
151.0,618496.0,-7.083459218967656,-7.083459218967656,0.0001
152.0,622592.0,-7.526450748045673,-7.526450748045673,0.0001
153.0,626688.0,-7.295027659488267,-7.295027659488267,0.0001
154.0,630784.0,-7.377624106804484,-7.377624106804484,0.0001
155.0,634880.0,-7.448130829159403,-7.448130829159403,0.0001
156.0,638976.0,-7.557646962582403,-7.557646962582403,0.0001
157.0,643072.0,-7.384685263463636,-7.384685263463636,0.0001
158.0,647168.0,-7.621125854540009,-7.621125854540009,0.0001
159.0,651264.0,-7.563569495550712,-7.563569495550712,0.0001
160.0,655360.0,-7.317758262079629,-7.317758262079629,0.0001
161.0,659456.0,-7.480454555724523,-7.480454555724523,0.0001
162.0,663552.0,-7.0780375163890294,-7.0780375163890294,0.0001
163.0,667648.0,-7.03606685671248,-7.03606685671248,0.0001
164.0,671744.0,-6.306134004931303,-6.306134004931303,0.0001
165.0,675840.0,-6.373033903035543,-6.373033903035543,0.0001
166.0,679936.0,-6.175306165954924,-6.175306165954924,0.0001
167.0,684032.0,-6.2244161238741125,-6.2244161238741125,0.0001
168.0,688128.0,-5.939820458956536,-5.939820458956536,0.0001
169.0,692224.0,-6.128184746403542,-6.128184746403542,0.0001
170.0,696320.0,-6.191654510727043,-6.191654510727043,0.0001
171.0,700416.0,-6.440120341464704,-6.440120341464704,0.0001
172.0,704512.0,-6.443361561328335,-6.443361561328335,0.0001
173.0,708608.0,-6.312881708199017,-6.312881708199017,0.0001
174.0,712704.0,-6.513634654968564,-6.513634654968564,0.0001
175.0,716800.0,-6.750610401675519,-6.750610401675519,0.0001
176.0,720896.0,-6.338505206890625,-6.338505206890625,0.0001
177.0,724992.0,-6.4076528083707585,-6.4076528083707585,0.0001
178.0,729088.0,-6.0717270871123,-6.0717270871123,0.0001
179.0,733184.0,-6.077629530617654,-6.077629530617654,0.0001
180.0,737280.0,-6.37933911244917,-6.37933911244917,0.0001
181.0,741376.0,-6.46253222660531,-6.46253222660531,0.0001
182.0,745472.0,-6.441352192163164,-6.441352192163164,0.0001
183.0,749568.0,-6.279417404787003,-6.279417404787003,0.0001
184.0,753664.0,-6.52015581392327,-6.52015581392327,0.0001
185.0,757760.0,-6.566522502212474,-6.566522502212474,0.0001
186.0,761856.0,-6.801050331758387,-6.801050331758387,0.0001
187.0,765952.0,-6.857109133781487,-6.857109133781487,0.0001
188.0,770048.0,-6.998273306647214,-6.998273306647214,0.0001
189.0,774144.0,-7.082448881868376,-7.082448881868376,0.0001
190.0,778240.0,-7.294211595694212,-7.294211595694212,0.0001
191.0,782336.0,-7.4742835878525185,-7.4742835878525185,0.0001
192.0,786432.0,-6.920698748225524,-6.920698748225524,0.0001
193.0,790528.0,-6.382316073077143,-6.382316073077143,0.0001
194.0,794624.0,-6.375263267452523,-6.375263267452523,0.0001
195.0,798720.0,-6.64228123064912,-6.64228123064912,0.0001
196.0,802816.0,-6.560863778879693,-6.560863778879693,0.0001
197.0,806912.0,-6.361319859812788,-6.361319859812788,0.0001
198.0,811008.0,-6.1802542417298225,-6.1802542417298225,0.0001
199.0,815104.0,-6.146403056797999,-6.146403056797999,0.0001
200.0,819200.0,-6.076846244740195,-6.076846244740195,0.0001
201.0,823296.0,-6.247834262576215,-6.247834262576215,0.0001
202.0,827392.0,-5.939694762944407,-5.939694762944407,0.0001
203.0,831488.0,-5.801791872492358,-5.801791872492358,0.0001
204.0,835584.0,-6.367455485512648,-6.367455485512648,0.0001
205.0,839680.0,-6.7842425278677805,-6.7842425278677805,0.0001
206.0,843776.0,-6.253261200988005,-6.253261200988005,0.0001
207.0,847872.0,-6.138924170125932,-6.138924170125932,0.0001
208.0,851968.0,-5.864317466168378,-5.864317466168378,0.0001
209.0,856064.0,-6.366990015949599,-6.366990015949599,0.0001
210.0,860160.0,-6.361764202075619,-6.361764202075619,0.0001
211.0,864256.0,-6.101733707750634,-6.101733707750634,0.0001
212.0,868352.0,-5.8947522379330985,-5.8947522379330985,0.0001
213.0,872448.0,-5.802685232532151,-5.802685232532151,0.0001
214.0,876544.0,-5.90432555514605,-5.90432555514605,0.0001
215.0,880640.0,-5.813946439992591,-5.813946439992591,0.0001
216.0,884736.0,-5.484019702829291,-5.484019702829291,0.0001
217.0,888832.0,-5.036958871502238,-5.036958871502238,0.0001
218.0,892928.0,-5.235627505434288,-5.235627505434288,0.0001
219.0,897024.0,-5.355643371374461,-5.355643371374461,0.0001
220.0,901120.0,-5.53362656031009,-5.53362656031009,0.0001
221.0,905216.0,-5.322455640537819,-5.322455640537819,0.0001
222.0,909312.0,-5.095103717698398,-5.095103717698398,0.0001
223.0,913408.0,-5.160421274000003,-5.160421274000003,0.0001
224.0,917504.0,-5.4941131832750605,-5.4941131832750605,0.0001
225.0,921600.0,-5.658870252608241,-5.658870252608241,0.0001
226.0,925696.0,-5.6483432635680275,-5.6483432635680275,0.0001
227.0,929792.0,-5.583886135470183,-5.583886135470183,0.0001
228.0,933888.0,-5.649846813676397,-5.649846813676397,0.0001
229.0,937984.0,-5.403211550775174,-5.403211550775174,0.0001
230.0,942080.0,-5.381862379115322,-5.381862379115322,0.0001
231.0,946176.0,-5.2582832889297295,-5.2582832889297295,0.0001
232.0,950272.0,-5.146018093925855,-5.146018093925855,0.0001
233.0,954368.0,-5.476407524982404,-5.476407524982404,0.0001
234.0,958464.0,-5.589749121892853,-5.589749121892853,0.0001
235.0,962560.0,-5.571428636850353,-5.571428636850353,0.0001
236.0,966656.0,-5.962762447103747,-5.962762447103747,0.0001
237.0,970752.0,-5.724615364849479,-5.724615364849479,0.0001
238.0,974848.0,-5.968165187368339,-5.968165187368339,0.0001
239.0,978944.0,-5.8151080590555235,-5.8151080590555235,0.0001
240.0,983040.0,-5.590206777917602,-5.590206777917602,0.0001
241.0,987136.0,-6.031627034664888,-6.031627034664888,0.0001
242.0,991232.0,-6.106090507448526,-6.106090507448526,0.0001
243.0,995328.0,-6.570474315210573,-6.570474315210573,0.0001
244.0,999424.0,-6.790762956026403,-6.790762956026403,0.0001
245.0,1003520.0,-6.6257466717927285,-6.6257466717927285,0.0001
246.0,1007616.0,-6.052064672717996,-6.052064672717996,0.0001
247.0,1011712.0,-6.023335641381663,-6.023335641381663,0.0001
248.0,1015808.0,-5.3977653111531945,-5.3977653111531945,0.0001
249.0,1019904.0,-5.577572993645058,-5.577572993645058,0.0001
250.0,1024000.0,-5.504508574995878,-5.504508574995878,0.0001
251.0,1028096.0,-5.78139888440416,-5.78139888440416,0.0001
252.0,1032192.0,-5.679296893985933,-5.679296893985933,0.0001
253.0,1036288.0,-5.311432500203578,-5.311432500203578,0.0001
254.0,1040384.0,-5.324177934276305,-5.324177934276305,0.0001
255.0,1044480.0,-5.065092126406821,-5.065092126406821,0.0001
256.0,1048576.0,-5.107910052108192,-5.107910052108192,0.0001
257.0,1052672.0,-5.003028087978124,-5.003028087978124,0.0001
258.0,1056768.0,-4.964510937096014,-4.964510937096014,0.0001
259.0,1060864.0,-4.981204172532534,-4.981204172532534,0.0001
260.0,1064960.0,-5.448035657282143,-5.448035657282143,0.0001
261.0,1069056.0,-5.485215655935063,-5.485215655935063,0.0001
262.0,1073152.0,-5.276799616462589,-5.276799616462589,0.0001
263.0,1077248.0,-5.14273399242348,-5.14273399242348,0.0001
264.0,1081344.0,-5.3890315971104625,-5.3890315971104625,0.0001
265.0,1085440.0,-5.896282533183583,-5.896282533183583,0.0001
266.0,1089536.0,-6.082751821119435,-6.082751821119435,0.0001
267.0,1093632.0,-6.05361537419195,-6.05361537419195,0.0001
268.0,1097728.0,-6.232357441542497,-6.232357441542497,0.0001
269.0,1101824.0,-6.188164868871977,-6.188164868871977,0.0001
270.0,1105920.0,-6.445155098328028,-6.445155098328028,0.0001
271.0,1110016.0,-5.965368130980665,-5.965368130980665,0.0001
272.0,1114112.0,-5.973266975324276,-5.973266975324276,0.0001
273.0,1118208.0,-5.774007375906423,-5.774007375906423,0.0001
274.0,1122304.0,-6.112776460479871,-6.112776460479871,0.0001
275.0,1126400.0,-6.393562784801384,-6.393562784801384,0.0001
276.0,1130496.0,-6.1271631886463185,-6.1271631886463185,0.0001
277.0,1134592.0,-5.813071381857188,-5.813071381857188,0.0001
278.0,1138688.0,-5.688153546630831,-5.688153546630831,0.0001
279.0,1142784.0,-5.960969747258718,-5.960969747258718,0.0001
280.0,1146880.0,-5.9562387146864815,-5.9562387146864815,0.0001
281.0,1150976.0,-5.833458534078935,-5.833458534078935,0.0001
282.0,1155072.0,-5.676931769538564,-5.676931769538564,0.0001
283.0,1159168.0,-6.398255044772581,-6.398255044772581,0.0001
284.0,1163264.0,-6.284743866517731,-6.284743866517731,0.0001
285.0,1167360.0,-6.7524902063373435,-6.7524902063373435,0.0001
286.0,1171456.0,-6.585334688174436,-6.585334688174436,0.0001
287.0,1175552.0,-6.492120204048108,-6.492120204048108,0.0001
288.0,1179648.0,-6.420958779460088,-6.420958779460088,0.0001
289.0,1183744.0,-6.406868185898321,-6.406868185898321,0.0001
290.0,1187840.0,-6.06678223189919,-6.06678223189919,0.0001
291.0,1191936.0,-5.732652136751323,-5.732652136751323,0.0001
292.0,1196032.0,-5.656818816624602,-5.656818816624602,0.0001
293.0,1200128.0,-5.8046623271864375,-5.8046623271864375,0.0001
294.0,1204224.0,-6.053007845806298,-6.053007845806298,0.0001
295.0,1208320.0,-5.782039432666906,-5.782039432666906,0.0001
296.0,1212416.0,-5.542239979207347,-5.542239979207347,0.0001
297.0,1216512.0,-5.160203754687363,-5.160203754687363,0.0001
298.0,1220608.0,-5.36605460494518,-5.36605460494518,0.0001
299.0,1224704.0,-5.213482156945551,-5.213482156945551,0.0001
300.0,1228800.0,-5.227680878440145,-5.227680878440145,0.0001
301.0,1232896.0,-4.790518410851892,-4.790518410851892,0.0001
302.0,1236992.0,-5.095193085314364,-5.095193085314364,0.0001
303.0,1241088.0,-5.318644043661711,-5.318644043661711,0.0001
304.0,1245184.0,-5.149362309345578,-5.149362309345578,0.0001
305.0,1249280.0,-4.8751878343718875,-4.8751878343718875,0.0001
306.0,1253376.0,-4.849129059921363,-4.849129059921363,0.0001
307.0,1257472.0,-4.705680610187177,-4.705680610187177,0.0001
308.0,1261568.0,-4.9053962502770805,-4.9053962502770805,0.0001
309.0,1265664.0,-5.168713910329316,-5.168713910329316,0.0001
310.0,1269760.0,-5.050710670914865,-5.050710670914865,0.0001
311.0,1273856.0,-5.105979133630544,-5.105979133630544,0.0001
312.0,1277952.0,-5.094878813244058,-5.094878813244058,0.0001
313.0,1282048.0,-5.079216442918854,-5.079216442918854,0.0001
314.0,1286144.0,-5.087728925336469,-5.087728925336469,0.0001
315.0,1290240.0,-4.888528243630375,-4.888528243630375,0.0001
316.0,1294336.0,-5.019895579015678,-5.019895579015678,0.0001
317.0,1298432.0,-5.032832961257425,-5.032832961257425,0.0001
318.0,1302528.0,-4.830504963906273,-4.830504963906273,0.0001
319.0,1306624.0,-4.945356329070815,-4.945356329070815,0.0001
320.0,1310720.0,-4.936391074050978,-4.936391074050978,0.0001
321.0,1314816.0,-4.777228489724039,-4.777228489724039,0.0001
322.0,1318912.0,-4.970361361831772,-4.970361361831772,0.0001
323.0,1323008.0,-4.809663442232715,-4.809663442232715,0.0001
324.0,1327104.0,-4.673879518706683,-4.673879518706683,0.0001
325.0,1331200.0,-5.171784008002598,-5.171784008002598,0.0001
326.0,1335296.0,-5.132508861445825,-5.132508861445825,0.0001
327.0,1339392.0,-5.543982283718998,-5.543982283718998,0.0001
328.0,1343488.0,-5.877732468620986,-5.877732468620986,0.0001
329.0,1347584.0,-5.881851326911819,-5.881851326911819,0.0001
330.0,1351680.0,-6.0547435136959615,-6.0547435136959615,0.0001
331.0,1355776.0,-5.9309059092165,-5.9309059092165,0.0001
332.0,1359872.0,-6.074269456678031,-6.074269456678031,0.0001
333.0,1363968.0,-6.002634379000984,-6.002634379000984,0.0001
334.0,1368064.0,-5.66333446677775,-5.66333446677775,0.0001
335.0,1372160.0,-5.554472005304459,-5.554472005304459,0.0001
336.0,1376256.0,-5.5303550962451276,-5.5303550962451276,0.0001
337.0,1380352.0,-5.560803989455844,-5.560803989455844,0.0001
338.0,1384448.0,-5.603174309507047,-5.603174309507047,0.0001
339.0,1388544.0,-5.430710470557448,-5.430710470557448,0.0001
340.0,1392640.0,-5.236165357470927,-5.236165357470927,0.0001
341.0,1396736.0,-5.021554270273276,-5.021554270273276,0.0001
342.0,1400832.0,-4.954816186515847,-4.954816186515847,0.0001
343.0,1404928.0,-4.897889688253946,-4.897889688253946,0.0001
344.0,1409024.0,-4.403176373826249,-4.403176373826249,0.0001
345.0,1413120.0,-4.077018184761623,-4.077018184761623,0.0001
346.0,1417216.0,-4.422637760696698,-4.422637760696698,0.0001
347.0,1421312.0,-4.520418994760481,-4.520418994760481,0.0001
348.0,1425408.0,-4.959076265765172,-4.959076265765172,0.0001
349.0,1429504.0,-5.058594862355414,-5.058594862355414,0.0001
350.0,1433600.0,-4.950479452217778,-4.950479452217778,0.0001
351.0,1437696.0,-5.146305872349428,-5.146305872349428,0.0001
352.0,1441792.0,-4.934893348728039,-4.934893348728039,0.0001
353.0,1445888.0,-4.95775646029782,-4.95775646029782,0.0001
354.0,1449984.0,-4.991020793469781,-4.991020793469781,0.0001
355.0,1454080.0,-5.164647590352473,-5.164647590352473,0.0001
356.0,1458176.0,-5.089586526070681,-5.089586526070681,0.0001
357.0,1462272.0,-5.226567295954831,-5.226567295954831,0.0001
358.0,1466368.0,-4.956766351471881,-4.956766351471881,0.0001
359.0,1470464.0,-4.769715092388282,-4.769715092388282,0.0001
360.0,1474560.0,-4.630704026915662,-4.630704026915662,0.0001
361.0,1478656.0,-4.131054346342029,-4.131054346342029,0.0001
362.0,1482752.0,-4.359499972361803,-4.359499972361803,0.0001
363.0,1486848.0,-3.8123858038961016,-3.8123858038961016,0.0001
364.0,1490944.0,-3.7768669400210095,-3.7768669400210095,0.0001
365.0,1495040.0,-3.919598566011609,-3.919598566011609,0.0001
366.0,1499136.0,-3.628785218693076,-3.628785218693076,0.0001
367.0,1503232.0,-3.6133490349604642,-3.6133490349604642,0.0001
368.0,1507328.0,-3.758897891651041,-3.758897891651041,0.0001
369.0,1511424.0,-4.073964160841515,-4.073964160841515,0.0001
370.0,1515520.0,-4.163224746761534,-4.163224746761534,0.0001
371.0,1519616.0,-4.318135942391209,-4.318135942391209,0.0001
372.0,1523712.0,-4.596210504431792,-4.596210504431792,0.0001
373.0,1527808.0,-4.348156008353468,-4.348156008353468,0.0001
374.0,1531904.0,-4.158353866172801,-4.158353866172801,0.0001
375.0,1536000.0,-4.437472902861744,-4.437472902861744,0.0001
376.0,1540096.0,-4.28468115098489,-4.28468115098489,0.0001
377.0,1544192.0,-3.867983648421955,-3.867983648421955,0.0001
378.0,1548288.0,-4.024641134900488,-4.024641134900488,0.0001
379.0,1552384.0,-4.089248138830311,-4.089248138830311,0.0001
380.0,1556480.0,-4.39139433101294,-4.39139433101294,0.0001
381.0,1560576.0,-4.395214457339114,-4.395214457339114,0.0001
382.0,1564672.0,-4.0938325318428905,-4.0938325318428905,0.0001
383.0,1568768.0,-3.657060174112579,-3.657060174112579,0.0001
384.0,1572864.0,-3.268728492906822,-3.268728492906822,0.0001
385.0,1576960.0,-3.5318645322435223,-3.5318645322435223,0.0001
386.0,1581056.0,-3.4949457676329403,-3.4949457676329403,0.0001
387.0,1585152.0,-3.491608011889048,-3.491608011889048,0.0001
388.0,1589248.0,-3.3472803887032354,-3.3472803887032354,0.0001
389.0,1593344.0,-3.446572047816036,-3.446572047816036,0.0001
390.0,1597440.0,-4.018730341603505,-4.018730341603505,0.0001
391.0,1601536.0,-3.8208712983973476,-3.8208712983973476,0.0001
392.0,1605632.0,-2.8373869549111723,-2.8373869549111723,0.0001
393.0,1609728.0,-2.423182656059566,-2.423182656059566,0.0001
394.0,1613824.0,-2.2298204478744403,-2.2298204478744403,0.0001
395.0,1617920.0,-2.3300763073743567,-2.3300763073743567,0.0001
396.0,1622016.0,-2.7442978210611635,-2.7442978210611635,0.0001
397.0,1626112.0,-2.8076090525654407,-2.8076090525654407,0.0001
398.0,1630208.0,-2.7554494050390934,-2.7554494050390934,0.0001
399.0,1634304.0,-2.6617143801285144,-2.6617143801285144,0.0001
400.0,1638400.0,-3.0977859488077266,-3.0977859488077266,0.0001
401.0,1642496.0,-2.9436216398626827,-2.9436216398626827,0.0001
402.0,1646592.0,-2.3885058503096497,-2.3885058503096497,0.0001
403.0,1650688.0,-2.313344513535133,-2.313344513535133,0.0001
404.0,1654784.0,-2.4694550925623866,-2.4694550925623866,0.0001
405.0,1658880.0,-2.951541108727253,-2.951541108727253,0.0001
406.0,1662976.0,-3.566573754470563,-3.566573754470563,0.0001
407.0,1667072.0,-4.037368427367893,-4.037368427367893,0.0001
408.0,1671168.0,-2.9817885251552605,-2.9817885251552605,0.0001
409.0,1675264.0,-2.8187519421418297,-2.8187519421418297,0.0001
410.0,1679360.0,-2.876295980865618,-2.876295980865618,0.0001
411.0,1683456.0,-1.5416714102704818,-1.5416714102704818,0.0001
412.0,1687552.0,-1.7916052932691309,-1.7916052932691309,0.0001
413.0,1691648.0,-1.9415283345090646,-1.9415283345090646,0.0001
414.0,1695744.0,-1.8800440724308451,-1.8800440724308451,0.0001
415.0,1699840.0,-2.228553598441676,-2.228553598441676,0.0001
416.0,1703936.0,-2.4204562218630747,-2.4204562218630747,0.0001
417.0,1708032.0,-1.9467394484757456,-1.9467394484757456,0.0001
418.0,1712128.0,-1.7944227031798428,-1.7944227031798428,0.0001
419.0,1716224.0,-1.942978929503314,-1.942978929503314,0.0001
420.0,1720320.0,-2.0081303536590296,-2.0081303536590296,0.0001
421.0,1724416.0,-2.2821397089970477,-2.2821397089970477,0.0001
422.0,1728512.0,-2.382032434092183,-2.382032434092183,0.0001
423.0,1732608.0,-3.440601197134266,-3.440601197134266,0.0001
424.0,1736704.0,-2.9962384171136,-2.9962384171136,0.0001
425.0,1740800.0,-2.849426274084749,-2.849426274084749,0.0001
426.0,1744896.0,-2.631633345114676,-2.631633345114676,0.0001
427.0,1748992.0,-2.2168207045411483,-2.2168207045411483,0.0001
428.0,1753088.0,-1.9656500841979265,-1.9656500841979265,0.0001
429.0,1757184.0,-1.9205443287914459,-1.9205443287914459,0.0001
430.0,1761280.0,-1.6789745192516203,-1.6789745192516203,0.0001
431.0,1765376.0,-0.5804384718170411,-0.5804384718170411,0.0001
432.0,1769472.0,-0.6015377382618128,-0.6015377382618128,0.0001
433.0,1773568.0,-0.4681794707406558,-0.4681794707406558,0.0001
434.0,1777664.0,0.3246483644333677,0.3246483644333677,0.0001
435.0,1781760.0,0.436352992532535,0.436352992532535,0.0001
436.0,1785856.0,-0.14380930118715077,-0.14380930118715077,0.0001
437.0,1789952.0,-0.5946110782950352,-0.5946110782950352,0.0001
438.0,1794048.0,-0.7675808270231528,-0.7675808270231528,0.0001
439.0,1798144.0,-0.8793816392707455,-0.8793816392707455,0.0001
440.0,1802240.0,-0.9090409531040523,-0.9090409531040523,0.0001
441.0,1806336.0,-1.309369575580606,-1.309369575580606,0.0001
442.0,1810432.0,-1.3870416402350707,-1.3870416402350707,0.0001
443.0,1814528.0,-2.2299446177633806,-2.2299446177633806,0.0001
444.0,1818624.0,-2.5853209878505767,-2.5853209878505767,0.0001
445.0,1822720.0,-2.582938921021104,-2.582938921021104,0.0001
446.0,1826816.0,-2.8451932991740074,-2.8451932991740074,0.0001
447.0,1830912.0,-2.5637475740839752,-2.5637475740839752,0.0001
448.0,1835008.0,-2.079295134263806,-2.079295134263806,0.0001
449.0,1839104.0,-1.6998243302463343,-1.6998243302463343,0.0001
450.0,1843200.0,-2.185884889691387,-2.185884889691387,0.0001
451.0,1847296.0,-2.0994385627622476,-2.0994385627622476,0.0001
452.0,1851392.0,-1.8447205622966039,-1.8447205622966039,0.0001
453.0,1855488.0,-1.9851898638415135,-1.9851898638415135,0.0001
454.0,1859584.0,-2.217840912613106,-2.217840912613106,0.0001
455.0,1863680.0,-2.026043603230801,-2.026043603230801,0.0001
456.0,1867776.0,-1.525627146856284,-1.525627146856284,0.0001
457.0,1871872.0,-1.1735757406256522,-1.1735757406256522,0.0001
458.0,1875968.0,-1.1688733261285986,-1.1688733261285986,0.0001
459.0,1880064.0,-1.611478354785642,-1.611478354785642,0.0001
460.0,1884160.0,-1.8605893806945684,-1.8605893806945684,0.0001
461.0,1888256.0,-2.219111466963175,-2.219111466963175,0.0001
462.0,1892352.0,-1.598445661645805,-1.598445661645805,0.0001
463.0,1896448.0,-2.1499220398014858,-2.1499220398014858,0.0001
464.0,1900544.0,-2.566449182130581,-2.566449182130581,0.0001
465.0,1904640.0,-2.7469488770240473,-2.7469488770240473,0.0001
466.0,1908736.0,-2.192931179390309,-2.192931179390309,0.0001
467.0,1912832.0,-2.1097566355910287,-2.1097566355910287,0.0001
468.0,1916928.0,-1.8689893106391184,-1.8689893106391184,0.0001
469.0,1921024.0,-2.1939905547915055,-2.1939905547915055,0.0001
470.0,1925120.0,-2.1696287128276737,-2.1696287128276737,0.0001
471.0,1929216.0,-3.003975234102462,-3.003975234102462,0.0001
472.0,1933312.0,-2.468593858832235,-2.468593858832235,0.0001
473.0,1937408.0,-2.714146920939128,-2.714146920939128,0.0001
474.0,1941504.0,-3.0083198183860045,-3.0083198183860045,0.0001
475.0,1945600.0,-2.2803251698740663,-2.2803251698740663,0.0001
476.0,1949696.0,-2.710707081140566,-2.710707081140566,0.0001
477.0,1953792.0,-2.465339829458409,-2.465339829458409,0.0001
478.0,1957888.0,-2.5853357782048296,-2.5853357782048296,0.0001
479.0,1961984.0,-2.5649170908607046,-2.5649170908607046,0.0001
480.0,1966080.0,-2.9509845443318254,-2.9509845443318254,0.0001
